Product title,Category,description,description-short
Puro Fitness And Sleep Tracker 2 Wristbands BlÃ¥/Svart,Home | Fritid & TrÃ¤ning | TrÃ¤ning & Tillskott | Aktivitetsarmband,"<p>Fit Watch is the universal smart band, ideal to wear during workouts. It monitors your day and night activity, tracking progress and burned calories. Puro Fit Watch is weather resistant and integrated with the Fit Watch APP for smartphone and tablet. The pack includes a black wristband combined with a colored one.</p>",<p>Puro Fitness and Sleep Tracker 2 Wristbands Blue/Black</p>
Plus Power  Aaa 12+4Pk,Home | Hemmet | Bygg | El & Elinstallation | Batterier,"<p>'Duracell offers a wide range of batteries to be used in electronics that require reliable power from button or coin batteries. Duracell Plus Power AAA batteries are multi-purpose alkaline batteries ideal for reliably powering everyday devices that require a kick of additional power. These batteries give you the freedom to enjoy the use of your appliances by giving you a product you can rely on.In this pack you also get additional power with 2 Duracell Plus Power AAA batteries added for free. So you now have more possibilities to use Duracellâ€™s reliable and long lasting power in regularly used devices such as digital cameras, portable games consoles, shavers, remote controls, CD players, motorized toys, flashlights, toothbrushes, etc.Duracell's Duralock Power preserves technology for up to 10 years in storage and are also available in size AA, C, D, 4.5V and 9V.'</p>
<div id=""mDiv"" class=""fbProMain"">
<div id=""mainfbComm""></div>
</div>","<p>Plus Power AAA 12+4pk</p>
<div id=""mDiv"" class=""fbProMain"">
<div id=""mainfbComm""></div>
</div>"
Ultra Power Aaa 12+4Pk,Home | Hemmet | Bygg | El & Elinstallation | Batterier,"'Duracell offers a wide range of batteries to be used in electronics that require reliable power. Duracell Ultra Power AAA batteries are alkaline batteries ideal for powering all your devices. Duracell's Duralock Power preserves technology  for up to 10 years in storage.  Additionally, the Powercheckâ„¢ technology makes it easy to check how much power is left in each battery: you simply press the white dots on both ends of the battery and see the remaining amount of power on the energy meter. These AAA batteries are best used when you are looking for dependable and long lasting power in all your regularly used devices such as portable games consoles, shavers, remote controls, CD players, motorized toys, flashlights, toothbrushes, etc. Duracell Ultra Power AAA Alkaline batteries are our # 1 longest lasting batteries with Powercheckâ„¢ (on average across devices) and are also available in size AA, C, D and 9V.'",Ultra Power AAA 12+4pk
Dl 2032-B2 Cr2032,Home | Hemmet | Bygg | El & Elinstallation | Batterier,"2032 LITIUM ELEKTRONIKBATTERIIEC: CR20323,0 Volt220 mAhStorlek (mm) 3 x 20 x 20LitiumFinns i 2-pack",DL 2032-B2 CR2032
Ultra Power Mn 1400 K2  Lr14,Home | Hemmet | Bygg | El & Elinstallation | Batterier,"<p>BÃ¤st fÃ¶r apparater som drar mycket strÃ¶m och som anvÃ¤nds oftaEndast AA: Upp till 80 % mer kraft* i digitalkameror jÃ¤mfÃ¶rt med Simply Duracell AA. Resultatet kan variera beroende pÃ¥ utrustningInklusive POWERCHECK fÃ¶r inbyggd testning pÃ¥ alla Ultra Power-batterier (fÃ¶rutom 9V)Typ: C, LR14</p>
<div id=""mDiv"" class=""fbProMain"">
<div id=""mainfbComm""></div>
</div>","<p>Ultra Power MN 1400 K2 LR14</p>
<div id=""mDiv"" class=""fbProMain"">
<div id=""mainfbComm""></div>
</div>"
Lithium Px 28 L,Home | Hemmet | Bygg | El & Elinstallation | Batterier,"28L LITIUMBATTERIIEC: 2CR111086,0 Volt160 mAhStorlek (mm) 25 x 13 x 13Litium",Lithium PX 28 L
Belkin Wemo Led Starterkit 2X E27 Bulbs + Wemo Link,Home | Hemmet | Bygg | El & Elinstallation | Belysning | LED-Lampor E27,"<font size=""2"">â€‹</font>Med WeMo-startpaketet med lysdiodslampor kan du styra, schemalÃ¤gga och dimra din trÃ¥dlÃ¶sa lysdiodsbelysning var du Ã¤n Ã¤r. Det Ã¤r enkelt att styra dem enskilt eller i grupp. Allt du behÃ¶ver Ã¤r den kostnadsfria WEMO-appen. Du kan dimra WEMO-lysdiodslamporna, schemalÃ¤gga dem sÃ¥ att de slÃ¥s pÃ¥ vid solnedgÃ¥ngen eller slÃ¥s pÃ¥ och av fÃ¶r att simulera aktivitet, vilket Ã¤r suverÃ¤nt nÃ¤r du inte Ã¤r hemma. Du kan ocksÃ¥ stÃ¤lla in att de gradvis dimras pÃ¥ kvÃ¤llen sÃ¥ att du kan somna pÃ¥ ett naturligare sÃ¤tt. WeMo-startpaketet med lysdiodslampor innehÃ¥ller tvÃ¥ smarta WEMO-lysdiodslampor och en WEMO Link som kan styra upp till 50 smarta WEMO-lysdiodslampor. Tack vare det varma ljuset som liknar vanliga glÃ¶dlampor Ã¤r de smarta WEMO-lysdiodslamporna och WeMo-startpaketet med lysdiodslampor det perfekta komplementet till ditt hem.",BELKIN WEMO LED STARTERKIT 2x E27 BULBS + WEMO LINK
Belkin Wemo Led Single Light Bulb E27,Home | Hemmet | Bygg | El & Elinstallation | Belysning | LED-Lampor E27,"<font size=""2"" face=""tahoma"">Extra-lampa till Wemo Lightning.</font><br /><br /><br /><font size=""2"" face=""tahoma"">Wemo Lightnng Kit ger dig allt du behÃ¶ver fÃ¶r att styra belysningen i ditt hem via din smartphone Wemo E27 GlÃ¶dlampa Ã¤r en extra-lampa till detta kit. Lamporna Ã¤r kopplade till appen i din telefon och hÃ¤rifrÃ¥n kan du dimma belysningen till den nivÃ¥ du vill. Du kan t.o.m. koppla samma olika lampor till en grupp (t.ex. vardagsrum) fÃ¶r att styra dessa samtidigt eller tidsstyra belysnningen efter valfri tid eller efter solupp- och nergÃ¥ng. Till en enda Wemo Link kan du koppla upp till 50 st lampor!</font>",BELKIN WEMO LED SINGLE LIGHT BULB E27
Smartband 2 Swr12 Svart,Home | Fritid & TrÃ¤ning | TrÃ¤ning & Tillskott | Aktivitetsarmband,"<p><b>â€‹</b><span><b>FÃ¶lj dina rÃ¶relser idag, fÃ¶r en bÃ¤ttre morgondag</b><br /></span><br /><span>HÃ¥ll koll pÃ¥ allt du behÃ¶ver. Din puls, dina rÃ¶relser, din sÃ¶mn, och till och med om du Ã¤r lugn eller uppspelt. Smartband 2 mÃ¤ter din puls och stressnivÃ¥ sÃ¥ att du kan besluta om du ska ta det lugnt eller kÃ¶ra hÃ¥rt idag.</span><br /><br /><span><b>Var dig sjÃ¤lv Ã¤nnu mer</b></span><br /><span>Smartband 2 hÃ¥ller koll pÃ¥ din puls och stressnivÃ¥ och hur energinivÃ¥n gÃ¥r upp och ned. PÃ¥ sÃ¥ vis kan du se vad som gÃ¶r dig lugn och uppspelt och allt dÃ¤r emellan. Med den hÃ¤r informationen kan du vÃ¤lja att gÃ¶ra mer saker som kÃ¤nns rÃ¤tt fÃ¶r dig.</span><br /><br /><span><b>FÃ¶lj varje hjÃ¤rtslag</b></span><br /><span>Tack vare den inbyggda pulsmÃ¤taren hÃ¥ller Smartband 2 alltid koll pÃ¥ din puls, oavsett om du Ã¤r pÃ¥ sprÃ¥ng eller sitter pÃ¥ kontoret. Du kan se vilka aktiviteter som hÃ¶jer din puls och hur dina hjÃ¤rtslag Ã¥tergÃ¥r till det normala vilolÃ¤get.</span><br /><br /><span><b>GÃ¥ din egen vÃ¤g</b></span><br /><span>Promenera, lÃ¶ptrÃ¤na eller bara springa mellan olika mÃ¶ten. Hur du Ã¤n vÃ¤ljer att rÃ¶ra pÃ¥ dig samlar Smartband 2 in all information sÃ¥ att du kan se hur aktiv du har varit. MÃ¤taren arbetar hÃ¥rt Ã¤ven nÃ¤r du sover och hÃ¥ller koll pÃ¥ hur lÃ¤nge och djupt du sover.</span><br /><br /><span><b>Ditt liv â€“ sparat</b></span><br /><span>GÃ¥ igenom informationen frÃ¥n Smartband 2 fÃ¶r den senaste veckan, mÃ¥naden, Ã¥ret och lÃ¤ngre tillbaka i Lifelog-appen. Visa aktiviteterna pÃ¥ tidslinjen tillsammans med andra Lifelog-poster, som till exempel hÃ¤ndelser, bilder och musik. Ta reda pÃ¥ hur olika aktiviteter, som till exempel semester eller lyssna pÃ¥ din favoritmusik pÃ¥verkar din puls och stressnivÃ¥ och lÃ¤r dig hur du kan leva ett balanserat liv.</span><br /><br /><span><b>Meddelanden och samtal, helt ljudlÃ¶st</b></span><br /><span>Smartband 2 gÃ¶r dig uppmÃ¤rksam pÃ¥ inkommande samtal eller meddelanden genom en mjuk vibrationssignal och, om du vill, LED-lampor i fÃ¤rg. LED-lamporna ger olika signaler fÃ¶r olika typer av aviseringar sÃ¥ att du sjÃ¤lv kan vÃ¤lja om du vill ta upp mobilen eller inte.</span><br /><br /><span><b>Ett mÃ¥ste fÃ¶r garderoben</b></span><br /><span>Smartband 2 Ã¤r ergonomiskt utformat i mjukaste silikon och sÃ¥ bekvÃ¤mt att du kan bÃ¤ra det dygnet runt. Tack vara de utbytbara armbanden i olika fÃ¤rger kan du matcha det till det du har pÃ¥ dig, oavsett om du ska pÃ¥ mÃ¶te eller fest.</span></p>",<p>SMARTBAND 2 SWR12 BLACK</p>
Smartband 2 Swr12 Vit,Home | Fritid & TrÃ¤ning | TrÃ¤ning & Tillskott | Aktivitetsarmband,"<p><b>â€‹</b><span><b>FÃ¶lj dina rÃ¶relser idag, fÃ¶r en bÃ¤ttre morgondag</b><br /></span><br /><span>HÃ¥ll koll pÃ¥ allt du behÃ¶ver. Din puls, dina rÃ¶relser, din sÃ¶mn, och till och med om du Ã¤r lugn eller uppspelt. Smartband 2 mÃ¤ter din puls och stressnivÃ¥ sÃ¥ att du kan besluta om du ska ta det lugnt eller kÃ¶ra hÃ¥rt idag.</span><br /><br /><span><b>Var dig sjÃ¤lv Ã¤nnu mer</b></span><br /><span>Smartband 2 hÃ¥ller koll pÃ¥ din puls och stressnivÃ¥ och hur energinivÃ¥n gÃ¥r upp och ned. PÃ¥ sÃ¥ vis kan du se vad som gÃ¶r dig lugn och uppspelt och allt dÃ¤r emellan. Med den hÃ¤r informationen kan du vÃ¤lja att gÃ¶ra mer saker som kÃ¤nns rÃ¤tt fÃ¶r dig.</span><br /><br /><span><b>FÃ¶lj varje hjÃ¤rtslag</b></span><br /><span>Tack vare den inbyggda pulsmÃ¤taren hÃ¥ller Smartband 2 alltid koll pÃ¥ din puls, oavsett om du Ã¤r pÃ¥ sprÃ¥ng eller sitter pÃ¥ kontoret. Du kan se vilka aktiviteter som hÃ¶jer din puls och hur dina hjÃ¤rtslag Ã¥tergÃ¥r till det normala vilolÃ¤get.</span><br /><br /><span><b>GÃ¥ din egen vÃ¤g</b></span><br /><span>Promenera, lÃ¶ptrÃ¤na eller bara springa mellan olika mÃ¶ten. Hur du Ã¤n vÃ¤ljer att rÃ¶ra pÃ¥ dig samlar Smartband 2 in all information sÃ¥ att du kan se hur aktiv du har varit. MÃ¤taren arbetar hÃ¥rt Ã¤ven nÃ¤r du sover och hÃ¥ller koll pÃ¥ hur lÃ¤nge och djupt du sover.</span><br /><br /><span><b>Ditt liv â€“ sparat</b></span><br /><span>GÃ¥ igenom informationen frÃ¥n Smartband 2 fÃ¶r den senaste veckan, mÃ¥naden, Ã¥ret och lÃ¤ngre tillbaka i Lifelog-appen. Visa aktiviteterna pÃ¥ tidslinjen tillsammans med andra Lifelog-poster, som till exempel hÃ¤ndelser, bilder och musik. Ta reda pÃ¥ hur olika aktiviteter, som till exempel semester eller lyssna pÃ¥ din favoritmusik pÃ¥verkar din puls och stressnivÃ¥ och lÃ¤r dig hur du kan leva ett balanserat liv.</span><br /><br /><span><b>Meddelanden och samtal, helt ljudlÃ¶st</b></span><br /><span>Smartband 2 gÃ¶r dig uppmÃ¤rksam pÃ¥ inkommande samtal eller meddelanden genom en mjuk vibrationssignal och, om du vill, LED-lampor i fÃ¤rg. LED-lamporna ger olika signaler fÃ¶r olika typer av aviseringar sÃ¥ att du sjÃ¤lv kan vÃ¤lja om du vill ta upp mobilen eller inte.</span><br /><br /><span><b>Ett mÃ¥ste fÃ¶r garderoben</b></span><br /><span>Smartband 2 Ã¤r ergonomiskt utformat i mjukaste silikon och sÃ¥ bekvÃ¤mt att du kan bÃ¤ra det dygnet runt. Tack vara de utbytbara armbanden i olika fÃ¤rger kan du matcha det till det du har pÃ¥ dig, oavsett om du ska pÃ¥ mÃ¶te eller fest.</span></p>",<p>SMARTBAND 2 SWR12 WHITE</p>
Parrot Ar. Drone 2.0 Elite  Djungle,Home | Hobby & UnderhÃ¥llning | Radiostyrt | DrÃ¶nare,"<p><strong>Radiostyrd helikopter med inbyggda kameror.</strong><br /> Â <br /><strong>Den fÃ¶rsta quadrokoptern som kan styras med en iPhone/iPod Touch/iPad</strong><br /> Tack vare dess inbyggda Wi-Fi system, kan du styra Parrot AR.Drone med en iPhoneÂ®, iPod TouchÂ®, iPadÂ® eller en Android telefon (krÃ¤ver Android 2.2 och AR.Drone firmware 1.7.6). Den Ã¤r frÃ¥n bÃ¶rjan konstruerad fÃ¶r Apple plattformar och kommer ocksÃ¥ att bli tillgÃ¤nglig fÃ¶r andra plattformar inom de nÃ¤rmaste mÃ¥naderna.<br /><br /> Du kan ocksÃ¥ styra Parrot AR.Drone frÃ¥n en Linux-PC och en joystick med programvaran AR.Drone Navigation framtagen fÃ¶r applikationsutvecklare och tillgÃ¤nglig fÃ¶r gratis nedladdning.</p> <p><strong>Spela med andra anvÃ¤ndare via ett Wi-Fi nÃ¤tverk</strong><br /> En annan viktig egenskap Ã¤r anvÃ¤ndning av flera AR.Drone i ett nÃ¤tverk.<br /> Tack vare dess eget genererade Wi-Fi nÃ¤tverk, kan spelare skap ett ""game party"" dÃ¤r andra spelare kan ansluta och spela mot varandra. Multiplayer spelet, kallat AR.PURSUIT, gÃ¶r det mÃ¶jligt att ha en strid mellan tvÃ¥ AR.Drone. Skal finns tillgÃ¤ngliga i tre olika fÃ¤rger fÃ¶r att du enkelt skall kunna identifiera din AR.Drone.<br /><br /> - Parrot AR.Drone har konstruerats fÃ¶r anvÃ¤ndning bÃ¥de inomhus och utomhus.<br /> - Du kan anpassa den fÃ¶r varje spelsituation med de tvÃ¥ skalen som medfÃ¶ljer.<br /> - Spela inomhus: Det heltÃ¤ckande skyddsskalet skyddar AR.Drone frÃ¥n krockar med omgivningen inomhus.<br /> - Spela utomhus: Det strÃ¶mlinjeformade skalet ger bÃ¤ttre kontroll<br /><br /><strong>HD-kamera 720p</strong><br /> Sitt i cockpit pÃ¥ din AR.Drone! Styr helikoptern, Ã¤ven pÃ¥ flera meters hÃ¥ll, via videostrÃ¶mmning i 720p tack vare en Wi-Fi anslutning.</p>",Parrot AR. DRONE 2.0 Elite  Djungle
Parrot Ar. Drone 2.0 Elite Ed. Sand,Home | Hobby & UnderhÃ¥llning | Radiostyrt | DrÃ¶nare,"<p><strong>Radiostyrd helikopter med inbyggda kameror.</strong><br /><br /><strong>Den fÃ¶rsta quadrokoptern som kan styras med en iPhone/iPod Touch/iPad</strong><br /> Tack vare dess inbyggda Wi-Fi system, kan du styra Parrot AR.Drone med en iPhoneÂ®, iPod TouchÂ®, iPadÂ® eller en Android telefon (krÃ¤ver Android 2.2 och AR.Drone firmware 1.7.6). Den Ã¤r frÃ¥n bÃ¶rjan konstruerad fÃ¶r Apple plattformar och kommer ocksÃ¥ att bli tillgÃ¤nglig fÃ¶r andra plattformar inom de nÃ¤rmaste mÃ¥naderna.<br /><br /><br /> Du kan ocksÃ¥ styra Parrot AR.Drone frrÃ¥n en Linux-PC och en joystick med programvaran AR.Drone Navigation framtagen fÃ¶r applikationsutvecklare och tillgÃ¤nglig fÃ¶r gratis nedladdning.</p> <p><strong>Spela med andra anvÃ¤ndare via ett Wi-Fi nÃ¤tverk</strong><br /> En annan viktig egenskap Ã¤r anvÃ¤ndning av flera AR.Drone i ett nÃ¤tverk.<br /> Tack vare dess eget genererade Wi-Fi nÃ¤tverk, kan spelare skap ett ""game party"" dÃ¤r andra spelare kan ansluta och spela mot varandra. Multiplayer spelet, kallat AR.PURSUIT, gÃ¶r det mÃ¶jligt att ha en strid mellan tvÃ¥ AR.Drone. Skal finns tillgÃ¤ngliga i tre olika fÃ¤rger fÃ¶r att du enkelt skall kunna identifiera din AR.Drone.<br /><br /> - Parrot AR.Drone har konstruerats fÃ¶r anvÃ¤ndning bÃ¥de inomhus och utomhus.<br /> - Du kan anpassa den fÃ¶r varje spelsituation med de tvÃ¥ skalen som medfÃ¶ljer.<br /> - Spela inomhus: Det heltÃ¤ckande skyddsskalet skyddar AR.Drone frÃ¥n krockar med omgivningen inomhus.<br /> - Spela utomhus: Det strÃ¶mlinjeformade skalet ger bÃ¤ttre kontroll<br /><strong><br /> HD-kamera 720p</strong><br /> Sitt i cockpit pÃ¥ din AR.Drone! Styr helikoptern, Ã¤ven pÃ¥ flera meters hÃ¥ll, via videostrÃ¶mmning i 720p tack vare en Wi-Fi anslutning.</p>",Parrot AR. DRONE 2.0 Elite Ed. Sand
Parrot Ar. Drone 2.0 Elite Ed. Snow,Home | Hobby & UnderhÃ¥llning | Radiostyrt | DrÃ¶nare,"<p><strong>Radiostyrd helikopter med inbyggda kameror.</strong><br /><br /><strong>Den fÃ¶rsta quadrokoptern som kan styras med en iPhone/iPod Touch/iPad</strong><br /> Tack vare dess inbyggda Wi-Fi system, kan du styra Parrot AR.Drone med en iPhoneÂ®, iPod TouchÂ®, iPadÂ® eller en Android telefon (krÃ¤ver Android 2.2 och AR.Drone firmware 1.7.6). Den Ã¤r frÃ¥n bÃ¶rjan konstruerad fÃ¶r Apple plattformar och kommer ocksÃ¥ att bli tillgÃ¤nglig fÃ¶r andra plattformar inom de nÃ¤rmaste mÃ¥naderna.<br /><br /><br /> Du kan ocksÃ¥ styra Parrot AR.Drone frrÃ¥n en Linux-PC och en joystick med programvaran AR.Drone Navigation framtagen fÃ¶r applikationsutvecklare och tillgÃ¤nglig fÃ¶r gratis nedladdning.</p> <p><strong>Spela med andra anvÃ¤ndare via ett Wi-Fi nÃ¤tverk</strong><br /> En annan viktig egenskap Ã¤r anvÃ¤ndning av flera AR.Drone i ett nÃ¤tverk. Tack vare dess eget genererade Wi-Fi nÃ¤tverk, kan spelare skap ett ""game party"" dÃ¤r andra spelare kan ansluta och spela mot varandra. Multiplayer spelet, kallat AR.PURSUIT, gÃ¶r det mÃ¶jligt att ha en strid mellan tvÃ¥ AR.Drone. Skal finns tillgÃ¤ngliga i tre olika fÃ¤rger fÃ¶r att du enkelt skall kunna identifiera din AR.Drone.<br /><br /> - Parrot AR.Drone har konstruerats fÃ¶r anvÃ¤ndning bÃ¥de inomhus och utomhus.<br /> - Du kan anpassa den fÃ¶r varje spelsituation med de tvÃ¥ skalen som medfÃ¶ljer.<br /> - Spela inomhus: Det heltÃ¤ckande skyddsskalet skyddar AR.Drone frÃ¥n krockar med omgivningen inomhus.<br /> - Spela utomhus: Det strÃ¶mlinjeformade skalet ger bÃ¤ttre kontroll<br /><br /><strong>HD-kamera 720p</strong><br /> Sitt i cockpit pÃ¥ din AR.Drone! Styr helikoptern, Ã¤ven pÃ¥ flera meters hÃ¥ll, via videostrÃ¶mmning i 720p tack vare en Wi-Fi anslutning.</p>",Parrot AR. DRONE 2.0 Elite Ed. Snow
Parrot Bebop Drone BlÃ¥,Home | Hobby & UnderhÃ¥llning | Radiostyrt | DrÃ¶nare,"<p>Byggd med sÃ¤kerhet i Ã¥tanke<br />Den fjÃ¤derlÃ¤tta ABS fÃ¶rstÃ¤rkta konstruktionen gÃ¶r Parrot Bebop Drone robust och sÃ¤ker. Vid nÃ¶dfall stannar propellrarna automatiskt. NÃ¶dlÃ¤get tillÃ¥ter att drÃ¶naren landar omedelbart. Tack vare GPS kommer ""Ã…tervÃ¤nd Hem""-funktionen att flyga Bebop drÃ¶naren tillbaka till startplatsen. EPP-skal Ã¤r inkluderat i satsen och gÃ¶r inomhusflygning sÃ¤krare.<br /><br />Avancerad teknologi - fjÃ¤derlÃ¤tt design<br />Parrot Bebop Drone levererar den bÃ¤sta prestandan utan att fÃ¶rsaka batteritiden. Bebop Drone-navigationsdator har en Parrot P7 dual-core CPU, quad-core GPU och 8 GB Flashminne och Ã¤r 8 gÃ¥nger mer kraftfull Ã¤n Parrot AR.Drone 2.0. Allt Ã¤r fÃ¤st pÃ¥ en magnesiumplatta som agerar som ett elektromagnetiskt skydd och som kylare. KÃ¶r Linux operativsystem, med SDK tillgÃ¤ngligt fÃ¶r utvecklare.<br /><br />FÃ¶rbluffande stabil<br />FÃ¶r att fÃ¥ en optimal stabilitet utan att kompromissa med manÃ¶vrerbarheten analyserar Bebop Drone automatiskt data frÃ¥n ett flertal sensorer: 3-axel accelerometer, gyroskop, magnetometer, en ultraljudsensor med 8 meter rÃ¤ckvidd, en trycksensor och en vertikal kamera fÃ¶r att mÃ¤ta hastigheten.<br /><br />14 megapixel â€œFisheyeâ€ vidvinkel kamera<br />Den inbyggda 14 megapixel ""fisheye""-kameran lÃ¥ter Parrot Bebop Drone spela in video och ta 180Â° vidvinkelbilder med anmÃ¤rkningsvÃ¤rd bildkvalitet. Den helt digitala bildstabiliseringen gÃ¶r att Bebop Drone kan ta fÃ¶rbluffande stabila och tydliga flygfoton oavsett drÃ¶narens rÃ¶relse. Linsen Ã¤r stÃ¤nk- och dammtÃ¤t. Actionkameror visar ofta stÃ¶rningar pÃ¥ horisontella linjer i motsats till Parrot Bebop Drone kameran, som levererar ostÃ¶rda linjer och som ett resultat av detta en horisont som inte Ã¤r bÃ¶jd.</p> <p>Full HD 1080p video med smart 3-axel-stabilisering<br />Tack vare algoritmer utvecklade av Parrots ingenjÃ¶rer drar Bebop Drone nytta av ett exklusivt 3-axel bildstabiliseringssystem som bibehÃ¥ller en fast vinkel fÃ¶r vyn, oavsett drÃ¶narens lutning och dess rÃ¶relser orsakade av vindturbulens.<br /><br />AnvÃ¤ndarstyrd 180Â°-vy<br />Styr vinkeln fÃ¶r kameran direkt frÃ¥n styrapplikationen med en enkel rÃ¶relse med tummen. Ã„ndringen fÃ¶r 180 gradersvinkeln Ã¤r helt digital och oberoende av drÃ¶narens rÃ¶relser.<br /><br />Freeflight 3.0: En extremt intuitiv applikation<br />Parrot Bebop Drone har en gratis pilotapplikation, Freeflight 3.0, fÃ¶r iOS och Android Smartphones och surfplattor. Den anvÃ¤ndarvÃ¤nliga applikationen har utvecklats fÃ¶r att vara mycket enkel att anvÃ¤nda och lÃ¥ta piloten koncentrera sig pÃ¥ nÃ¶jet att flyga. PÃ¥ vÃ¤lkomstskÃ¤rmen kan piloten nÃ¥ fÃ¶ljande funktioner: Styrning, foton/videos, flygreseplan, Cloud ""Pilot Academy""...<br />Alla anvÃ¤ndarinstÃ¤llningar fÃ¶r hÃ¶jd och hastighet, pilot lÃ¤ge (accelerometer, virtuell joystick...). FreeFlight appen inkluderar ocksÃ¥ roliga funktioner som t.ex. ""One-touch Flip""!<br /><br />Inbyggd GPS med Flight Map control<br />Bebop Drone har ett integrerat GNSS chipset som kopplar samman GPS, GLONASS och GALILEO data. Planera din flygning pÃ¥ din smartphone/surfplatta genom att peka ut waypoints pÃ¥ din skÃ¤rm och sedan lÃ¥ta drÃ¶naren gÃ¶ra jobbet. Som tillÃ¤gg till stabiliseringen pÃ¥ hÃ¶g hÃ¶jd, tillÃ¥ter den automatisk flygning och att automatiskt Ã¥tervÃ¤nda hem till startplatsen. Med inspelad data (hÃ¶jd, hastighet..), kan du Ã¥teruppspela dina flygningar i simulerad 3D pÃ¥ Parrot Academy-kartan.<br /><br />Parrot Cloud<br />HÃ¥ll reda pÃ¥ all dina flygningar och dela dina foton, videor och navigationsdata med andra medlemmar i Parrot Academy. Anslutning till YouTube och Facebook fÃ¶r delning. GÃ¥ med i Parrot Academy med Ã¶ver 150,000 registrerade piloter. Gratis backup av din flygdata och 3D Ã¥teruppspelning.<br /><br />Bebop Drone skapar sin egen Wi-Fi hotspot.<br />MIMO Wi-Fi anslutning: Parrot Bebop Drone skapar det senaste Wi-Fi ac 802.11n nÃ¤tverket med 2.4 och 5 GHz-antenner. Om det uppstÃ¥r nÃ¤tverksstÃ¶rningar kan du sjÃ¤lv vÃ¤lja frekvens.</p>",Parrot Bebop Drone BlÃ¥
Parrot Bebop Drone RÃ¶d,Home | Hobby & UnderhÃ¥llning | Radiostyrt | DrÃ¶nare,"<p>Byggd med sÃ¤kerhet i Ã¥tanke<br />Den fjÃ¤derlÃ¤tta ABS fÃ¶rstÃ¤rkta konstruktionen gÃ¶r Parrot Bebop Drone robust och sÃ¤ker. Vid nÃ¶dfall stannar propellrarna automatiskt. NÃ¶dlÃ¤get tillÃ¥ter att drÃ¶naren landar omedelbart. Tack vare GPS kommer ""Ã…tervÃ¤nd Hem""-funktionen att flyga Bebop drÃ¶naren tillbaka till startplatsen. EPP-skal Ã¤r inkluderat i satsen och gÃ¶r inomhusflygning sÃ¤krare.<br /><br />Avancerad teknologi - fjÃ¤derlÃ¤tt design<br />Parrot Bebop Drone levererar den bÃ¤sta prestandan utan att fÃ¶rsaka batteritiden. Bebop Drone-navigationsdator har en Parrot P7 dual-core CPU, quad-core GPU och 8 GB Flashminne och Ã¤r 8 gÃ¥nger mer kraftfull Ã¤n Parrot AR.Drone 2.0. Allt Ã¤r fÃ¤st pÃ¥ en magnesiumplatta som agerar som ett elektromagnetiskt skydd och som kylare. KÃ¶r Linux operativsystem, med SDK tillgÃ¤ngligt fÃ¶r utvecklare.<br /><br />FÃ¶rbluffande stabil<br />FÃ¶r att fÃ¥ en optimal stabilitet utan att kompromissa med manÃ¶vrerbarheten analyserar Bebop Drone automatiskt data frÃ¥n ett flertal sensorer: 3-axel accelerometer, gyroskop, magnetometer, en ultraljudsensor med 8 meter rÃ¤ckvidd, en trycksensor och en vertikal kamera fÃ¶r att mÃ¤ta hastigheten.<br /><br />14 megapixel â€œFisheyeâ€ vidvinkel kamera<br />Den inbyggda 14 megapixel ""fisheye""-kameran lÃ¥ter Parrot Bebop Drone spela in video och ta 180Â° vidvinkelbilder med anmÃ¤rkningsvÃ¤rd bildkvalitet. Den helt digitala bildstabiliseringen gÃ¶r att Bebop Drone kan ta fÃ¶rbluffande stabila och tydliga flygfoton oavsett drÃ¶narens rÃ¶relse. Linsen Ã¤r stÃ¤nk- och dammtÃ¤t. Actionkameror visar ofta stÃ¶rningar pÃ¥ horisontella linjer i motsats till Parrot Bebop Drone kameran, som levererar ostÃ¶rda linjer och som ett resultat av detta en horisont som inte Ã¤r bÃ¶jd.</p> <p>Full HD 1080p video med smart 3-axel-stabilisering<br />Tack vare algoritmer utvecklade av Parrots ingenjÃ¶rer drar Bebop Drone nytta av ett exklusivt 3-axel bildstabiliseringssystem som bibehÃ¥ller en fast vinkel fÃ¶r vyn, oavsett drÃ¶narens lutning och dess rÃ¶relser orsakade av vindturbulens.<br /><br />AnvÃ¤ndarstyrd 180Â°-vy<br />Styr vinkeln fÃ¶r kameran direkt frÃ¥n styrapplikationen med en enkel rÃ¶relse med tummen. Ã„ndringen fÃ¶r 180 gradersvinkeln Ã¤r helt digital och oberoende av drÃ¶narens rÃ¶relser.<br /><br />Freeflight 3.0: En extremt intuitiv applikation<br />Parrot Bebop Drone har en gratis pilotapplikation, Freeflight 3.0, fÃ¶r iOS och Android Smartphones och surfplattor. Den anvÃ¤ndarvÃ¤nliga applikationen har utvecklats fÃ¶r att vara mycket enkel att anvÃ¤nda och lÃ¥ta piloten koncentrera sig pÃ¥ nÃ¶jet att flyga. PÃ¥ vÃ¤lkomstskÃ¤rmen kan piloten nÃ¥ fÃ¶ljande funktioner: Styrning, foton/videos, flygreseplan, Cloud ""Pilot Academy""...<br />Alla anvÃ¤ndarinstÃ¤llningar fÃ¶r hÃ¶jd och hastighet, pilot lÃ¤ge (accelerometer, virtuell joystick...). FreeFlight appen inkluderar ocksÃ¥ roliga funktioner som t.ex. ""One-touch Flip""!<br /><br />Inbyggd GPS med Flight Map control<br />Bebop Drone har ett integrerat GNSS chipset som kopplar samman GPS, GLONASS och GALILEO data. Planera din flygning pÃ¥ din smartphone/surfplatta genom att peka ut waypoints pÃ¥ din skÃ¤rm och sedan lÃ¥ta drÃ¶naren gÃ¶ra jobbet. Som tillÃ¤gg till stabiliseringen pÃ¥ hÃ¶g hÃ¶jd, tillÃ¥ter den automatisk flygning och att automatiskt Ã¥tervÃ¤nda hem till startplatsen. Med inspelad data (hÃ¶jd, hastighet..), kan du Ã¥teruppspela dina flygningar i simulerad 3D pÃ¥ Parrot Academy-kartan.<br /><br />Parrot Cloud<br />HÃ¥ll reda pÃ¥ all dina flygningar och dela dina foton, videor och navigationsdata med andra medlemmar i Parrot Academy. Anslutning till YouTube och Facebook fÃ¶r delning. GÃ¥ med i Parrot Academy med Ã¶ver 150,000 registrerade piloter. Gratis backup av din flygdata och 3D Ã¥teruppspelning.<br /><br />Bebop Drone skapar sin egen Wi-Fi hotspot.<br />MIMO Wi-Fi anslutning: Parrot Bebop Drone skapar det senaste Wi-Fi ac 802.11n nÃ¤tverket med 2.4 och 5 GHz-antenner. Om det uppstÃ¥r nÃ¤tverksstÃ¶rningar kan du sjÃ¤lv vÃ¤lja frekvens.</p>",Parrot Bebop Drone RÃ¶d
Parrot Bebop & Skycontroller BlÃ¥,Home | Hobby & UnderhÃ¥llning | Radiostyrt | DrÃ¶nare,"<p>Byggd med sÃ¤kerhet i Ã¥tanke<br />Den fjÃ¤derlÃ¤tta ABS fÃ¶rstÃ¤rkta konstruktionen gÃ¶r Parrot Bebop Drone robust och sÃ¤ker. Vid nÃ¶dfall stannar propellrarna automatiskt. NÃ¶dlÃ¤get tillÃ¥ter att drÃ¶naren landar omedelbart. Tack vare GPS kommer ""Ã…tervÃ¤nd Hem""-funktionen att flyga Bebop drÃ¶naren tillbaka till startplatsen. EPP-skal Ã¤r inkluderat i satsen och gÃ¶r inomhusflygning sÃ¤krare.<br /><br />Avancerad teknologi - fjÃ¤derlÃ¤tt design<br />Parrot Bebop Drone levererar den bÃ¤sta prestandan utan att fÃ¶rsaka batteritiden. Bebop Drone-navigationsdator har en Parrot P7 dual-core CPU, quad-core GPU och 8 GB Flashminne och Ã¤r 8 gÃ¥nger mer kraftfull Ã¤n Parrot AR.Drone 2.0. Allt Ã¤r fÃ¤st pÃ¥ en magnesiumplatta som agerar som ett elektromagnetiskt skydd och som kylare. KÃ¶r Linux operativsystem, med SDK tillgÃ¤ngligt fÃ¶r utvecklare.<br /><br />FÃ¶rbluffande stabil<br />FÃ¶r att fÃ¥ en optimal stabilitet utan att kompromissa med manÃ¶vrerbarheten analyserar Bebop Drone automatiskt data frÃ¥n ett flertal sensorer: 3-axel accelerometer, gyroskop, magnetometer, en ultraljudsensor med 8 meter rÃ¤ckvidd, en trycksensor och en vertikal kamera fÃ¶r att mÃ¤ta hastigheten.<br /><br />14 megapixel â€œFisheyeâ€ vidvinkel kamera<br />Den inbyggda 14 megapixel ""fisheye""-kameran lÃ¥ter Parrot Bebop Drone spela in video och ta 180Â° vidvinkelbilder med anmÃ¤rkningsvÃ¤rd bildkvalitet. Den helt digitala bildstabiliseringen gÃ¶r att Bebop Drone kan ta fÃ¶rbluffande stabila och tydliga flygfoton oavsett drÃ¶narens rÃ¶relse. Linsen Ã¤r stÃ¤nk- och dammtÃ¤t. Actionkameror visar ofta stÃ¶rningar pÃ¥ horisontella linjer i motsats till Parrot Bebop Drone kameran, som levererar ostÃ¶rda linjer och som ett resultat av detta en horisont som inte Ã¤r bÃ¶jd.</p> <p>Full HD 1080p video med smart 3-axel-stabilisering<br />Tack vare algoritmer utvecklade av Parrots ingenjÃ¶rer drar Bebop Drone nytta av ett exklusivt 3-axel bildstabiliseringssystem som bibehÃ¥ller en fast vinkel fÃ¶r vyn, oavsett drÃ¶narens lutning och dess rÃ¶relser orsakade av vindturbulens.<br /><br />AnvÃ¤ndarstyrd 180Â°-vy<br />Styr vinkeln fÃ¶r kameran direkt frÃ¥n styrapplikationen med en enkel rÃ¶relse med tummen. Ã„ndringen fÃ¶r 180 gradersvinkeln Ã¤r helt digital och oberoende av drÃ¶narens rÃ¶relser.<br /><br />Freeflight 3.0: En extremt intuitiv applikation<br />Parrot Bebop Drone har en gratis pilotapplikation, Freeflight 3.0, fÃ¶r iOS och Android Smartphones och surfplattor. Den anvÃ¤ndarvÃ¤nliga applikationen har utvecklats fÃ¶r att vara mycket enkel att anvÃ¤nda och lÃ¥ta piloten koncentrera sig pÃ¥ nÃ¶jet att flyga. PÃ¥ vÃ¤lkomstskÃ¤rmen kan piloten nÃ¥ fÃ¶ljande funktioner: Styrning, foton/videos, flygreseplan, Cloud ""Pilot Academy""...<br />Alla anvÃ¤ndarinstÃ¤llningar fÃ¶r hÃ¶jd och hastighet, pilot lÃ¤ge (accelerometer, virtuell joystick...). FreeFlight appen inkluderar ocksÃ¥ roliga funktioner som t.ex. ""One-touch Flip""!<br /><br />Inbyggd GPS med Flight Map control<br />Bebop Drone har ett integrerat GNSS chipset som kopplar samman GPS, GLONASS och GALILEO data. Planera din flygning pÃ¥ din smartphone/surfplatta genom att peka ut waypoints pÃ¥ din skÃ¤rm och sedan lÃ¥ta drÃ¶naren gÃ¶ra jobbet. Som tillÃ¤gg till stabiliseringen pÃ¥ hÃ¶g hÃ¶jd, tillÃ¥ter den automatisk flygning och att automatiskt Ã¥tervÃ¤nda hem till startplatsen. Med inspelad data (hÃ¶jd, hastighet..), kan du Ã¥teruppspela dina flygningar i simulerad 3D pÃ¥ Parrot Academy-kartan.<br /><br />Parrot Cloud<br />HÃ¥ll reda pÃ¥ all dina flygningar och dela dina foton, videor och navigationsdata med andra medlemmar i Parrot Academy. Anslutning till YouTube och Facebook fÃ¶r delning. GÃ¥ med i Parrot Academy med Ã¶ver 150,000 registrerade piloter. Gratis backup av din flygdata och 3D Ã¥teruppspelning.<br /><br />Bebop Drone skapar sin egen Wi-Fi hotspot.<br />MIMO Wi-Fi anslutning: Parrot Bebop Drone skapar det senaste Wi-Fi ac 802.11n nÃ¤tverket med 2.4 och 5 GHz-antenner. Om det uppstÃ¥r nÃ¤tverksstÃ¶rningar kan du sjÃ¤lv vÃ¤lja frekvens.<br /><br />Skycontroller - Flyg lÃ¤ngre, hÃ¶gre<br />Med fÃ¶rstÃ¤rkt Wi-Fi 36 dBm radio och fyra antenner, fÃ¶rlÃ¤nger Parrot Skycontroller Wi-Fi rÃ¤ckvidden! Smartphonen eller surfplattan Ã¤r fÃ¤st pÃ¥ en platta som Ã¤r kompatibel med de flesta smartphones &amp;amp; surfplattor som finns pÃ¥ marknaden. Piloten styr drÃ¶naren via tvÃ¥ ultra precisa joysticks. </p>",Parrot Bebop &amp;amp; Skycontroller BlÃ¥
Parrot Bebop & Skycontroller RÃ¶d,Home | Hobby & UnderhÃ¥llning | Radiostyrt | DrÃ¶nare,"<p>Byggd med sÃ¤kerhet i Ã¥tanke<br />Den fjÃ¤derlÃ¤tta ABS fÃ¶rstÃ¤rkta konstruktionen gÃ¶r Parrot Bebop Drone robust och sÃ¤ker. Vid nÃ¶dfall stannar propellrarna automatiskt. NÃ¶dlÃ¤get tillÃ¥ter att drÃ¶naren landar omedelbart. Tack vare GPS kommer ""Ã…tervÃ¤nd Hem""-funktionen att flyga Bebop drÃ¶naren tillbaka till startplatsen. EPP-skal Ã¤r inkluderat i satsen och gÃ¶r inomhusflygning sÃ¤krare.<br /><br />Avancerad teknologi - fjÃ¤derlÃ¤tt design<br />Parrot Bebop Drone levererar den bÃ¤sta prestandan utan att fÃ¶rsaka batteritiden. Bebop Drone-navigationsdator har en Parrot P7 dual-core CPU, quad-core GPU och 8 GB Flashminne och Ã¤r 8 gÃ¥nger mer kraftfull Ã¤n Parrot AR.Drone 2.0. Allt Ã¤r fÃ¤st pÃ¥ en magnesiumplatta som agerar som ett elektromagnetiskt skydd och som kylare. KÃ¶r Linux operativsystem, med SDK tillgÃ¤ngligt fÃ¶r utvecklare.<br /><br />FÃ¶rbluffande stabil<br />FÃ¶r att fÃ¥ en optimal stabilitet utan att kompromissa med manÃ¶vrerbarheten analyserar Bebop Drone automatiskt data frÃ¥n ett flertal sensorer: 3-axel accelerometer, gyroskop, magnetometer, en ultraljudsensor med 8 meter rÃ¤ckvidd, en trycksensor och en vertikal kamera fÃ¶r att mÃ¤ta hastigheten.<br /><br />14 megapixel â€œFisheyeâ€ vidvinkel kamera<br />Den inbyggda 14 megapixel ""fisheye""-kameran lÃ¥ter Parrot Bebop Drone spela in video och ta 180Â° vidvinkelbilder med anmÃ¤rkningsvÃ¤rd bildkvalitet. Den helt digitala bildstabiliseringen gÃ¶r att Bebop Drone kan ta fÃ¶rbluffande stabila och tydliga flygfoton oavsett drÃ¶narens rÃ¶relse. Linsen Ã¤r stÃ¤nk- och dammtÃ¤t. Actionkameror visar ofta stÃ¶rningar pÃ¥ horisontella linjer i motsats till Parrot Bebop Drone kameran, som levererar ostÃ¶rda linjer och som ett resultat av detta en horisont som inte Ã¤r bÃ¶jd.</p> <p>Full HD 1080p video med smart 3-axel-stabilisering<br />Tack vare algoritmer utvecklade av Parrots ingenjÃ¶rer drar Bebop Drone nytta av ett exklusivt 3-axel bildstabiliseringssystem som bibehÃ¥ller en fast vinkel fÃ¶r vyn, oavsett drÃ¶narens lutning och dess rÃ¶relser orsakade av vindturbulens.<br /><br />AnvÃ¤ndarstyrd 180Â°-vy<br />Styr vinkeln fÃ¶r kameran direkt frÃ¥n styrapplikationen med en enkel rÃ¶relse med tummen. Ã„ndringen fÃ¶r 180 gradersvinkeln Ã¤r helt digital och oberoende av drÃ¶narens rÃ¶relser.<br /><br />Freeflight 3.0: En extremt intuitiv applikation<br />Parrot Bebop Drone har en gratis pilotapplikation, Freeflight 3.0, fÃ¶r iOS och Android Smartphones och surfplattor. Den anvÃ¤ndarvÃ¤nliga applikationen har utvecklats fÃ¶r att vara mycket enkel att anvÃ¤nda och lÃ¥ta piloten koncentrera sig pÃ¥ nÃ¶jet att flyga. PÃ¥ vÃ¤lkomstskÃ¤rmen kan piloten nÃ¥ fÃ¶ljande funktioner: Styrning, foton/videos, flygreseplan, Cloud ""Pilot Academy""...<br />Alla anvÃ¤ndarinstÃ¤llningar fÃ¶r hÃ¶jd och hastighet, pilot lÃ¤ge (accelerometer, virtuell joystick...). FreeFlight appen inkluderar ocksÃ¥ roliga funktioner som t.ex. ""One-touch Flip""!<br /><br />Inbyggd GPS med Flight Map control<br />Bebop Drone har ett integrerat GNSS chipset som kopplar samman GPS, GLONASS och GALILEO data. Planera din flygning pÃ¥ din smartphone/surfplatta genom att peka ut waypoints pÃ¥ din skÃ¤rm och sedan lÃ¥ta drÃ¶naren gÃ¶ra jobbet. Som tillÃ¤gg till stabiliseringen pÃ¥ hÃ¶g hÃ¶jd, tillÃ¥ter den automatisk flygning och att automatiskt Ã¥tervÃ¤nda hem till startplatsen. Med inspelad data (hÃ¶jd, hastighet..), kan du Ã¥teruppspela dina flygningar i simulerad 3D pÃ¥ Parrot Academy-kartan.<br /><br />Parrot Cloud<br />HÃ¥ll reda pÃ¥ all dina flygningar och dela dina foton, videor och navigationsdata med andra medlemmar i Parrot Academy. Anslutning till YouTube och Facebook fÃ¶r delning. GÃ¥ med i Parrot Academy med Ã¶ver 150,000 registrerade piloter. Gratis backup av din flygdata och 3D Ã¥teruppspelning.<br /><br />Bebop Drone skapar sin egen Wi-Fi hotspot.<br />MIMO Wi-Fi anslutning: Parrot Bebop Drone skapar det senaste Wi-Fi ac 802.11n nÃ¤tverket med 2.4 och 5 GHz-antenner. Om det uppstÃ¥r nÃ¤tverksstÃ¶rningar kan du sjÃ¤lv vÃ¤lja frekvens.<br /><br />Skycontroller - Flyg lÃ¤ngre, hÃ¶gre<br />Med fÃ¶rstÃ¤rkt Wi-Fi 36 dBm radio och fyra antenner, fÃ¶rlÃ¤nger Parrot Skycontroller Wi-Fi rÃ¤ckvidden! Smartphonen eller surfplattan Ã¤r fÃ¤st pÃ¥ en platta som Ã¤r kompatibel med de flesta smartphones &amp;amp; surfplattor som finns pÃ¥ marknaden. Piloten styr drÃ¶naren via tvÃ¥ ultra precisa joysticks.</p>",Parrot Bebop &amp;amp; Skycontroller RÃ¶d
Parrot Bebop & Skycontroller Gul,Home | Hobby & UnderhÃ¥llning | Radiostyrt | DrÃ¶nare,"<p>Byggd med sÃ¤kerhet i Ã¥tanke<br />Den fjÃ¤derlÃ¤tta ABS fÃ¶rstÃ¤rkta konstruktionen gÃ¶r Parrot Bebop Drone robust och sÃ¤ker. Vid nÃ¶dfall stannar propellrarna automatiskt. NÃ¶dlÃ¤get tillÃ¥ter att drÃ¶naren landar omedelbart. Tack vare GPS kommer ""Ã…tervÃ¤nd Hem""-funktionen att flyga Bebop drÃ¶naren tillbaka till startplatsen. EPP-skal Ã¤r inkluderat i satsen och gÃ¶r inomhusflygning sÃ¤krare.<br /><br />Avancerad teknologi - fjÃ¤derlÃ¤tt design<br />Parrot Bebop Drone levererar den bÃ¤sta prestandan utan att fÃ¶rsaka batteritiden. Bebop Drone-navigationsdator har en Parrot P7 dual-core CPU, quad-core GPU och 8 GB Flashminne och Ã¤r 8 gÃ¥nger mer kraftfull Ã¤n Parrot AR.Drone 2.0. Allt Ã¤r fÃ¤st pÃ¥ en magnesiumplatta som agerar som ett elektromagnetiskt skydd och som kylare. KÃ¶r Linux operativsystem, med SDK tillgÃ¤ngligt fÃ¶r utvecklare.<br /><br />FÃ¶rbluffande stabil<br />FÃ¶r att fÃ¥ en optimal stabilitet utan att kompromissa med manÃ¶vrerbarheten analyserar Bebop Drone automatiskt data frÃ¥n ett flertal sensorer: 3-axel accelerometer, gyroskop, magnetometer, en ultraljudsensor med 8 meter rÃ¤ckvidd, en trycksensor och en vertikal kamera fÃ¶r att mÃ¤ta hastigheten.<br /><br />14 megapixel â€œFisheyeâ€ vidvinkel kamera<br />Den inbyggda 14 megapixel ""fisheye""-kameran lÃ¥ter Parrot Bebop Drone spela in video och ta 180Â° vidvinkelbilder med anmÃ¤rkningsvÃ¤rd bildkvalitet. Den helt digitala bildstabiliseringen gÃ¶r att Bebop Drone kan ta fÃ¶rbluffande stabila och tydliga flygfoton oavsett drÃ¶narens rÃ¶relse. Linsen Ã¤r stÃ¤nk- och dammtÃ¤t. Actionkameror visar ofta stÃ¶rningar pÃ¥ horisontella linjer i motsats till Parrot Bebop Drone kameran, som levererar ostÃ¶rda linjer och som ett resultat av detta en horisont som inte Ã¤r bÃ¶jd.</p> <p>Full HD 1080p video med smart 3-axel-stabilisering<br />Tack vare algoritmer utvecklade av Parrots ingenjÃ¶rer drar Bebop Drone nytta av ett exklusivt 3-axel bildstabiliseringssystem som bibehÃ¥ller en fast vinkel fÃ¶r vyn, oavsett drÃ¶narens lutning och dess rÃ¶relser orsakade av vindturbulens.<br /><br />AnvÃ¤ndarstyrd 180Â°-vy<br />Styr vinkeln fÃ¶r kameran direkt frÃ¥n styrapplikationen med en enkel rÃ¶relse med tummen. Ã„ndringen fÃ¶r 180 gradersvinkeln Ã¤r helt digital och oberoende av drÃ¶narens rÃ¶relser.<br /><br />Freeflight 3.0: En extremt intuitiv applikation<br />Parrot Bebop Drone har en gratis pilotapplikation, Freeflight 3.0, fÃ¶r iOS och Android Smartphones och surfplattor. Den anvÃ¤ndarvÃ¤nliga applikationen har utvecklats fÃ¶r att vara mycket enkel att anvÃ¤nda och lÃ¥ta piloten koncentrera sig pÃ¥ nÃ¶jet att flyga. PÃ¥ vÃ¤lkomstskÃ¤rmen kan piloten nÃ¥ fÃ¶ljande funktioner: Styrning, foton/videos, flygreseplan, Cloud ""Pilot Academy""...<br />Alla anvÃ¤ndarinstÃ¤llningar fÃ¶r hÃ¶jd och hastighet, pilot lÃ¤ge (accelerometer, virtuell joystick...). FreeFlight appen inkluderar ocksÃ¥ roliga funktioner som t.ex. ""One-touch Flip""!<br /><br />Inbyggd GPS med Flight Map control<br />Bebop Drone har ett integrerat GNSS chipset som kopplar samman GPS, GLONASS och GALILEO data. Planera din flygning pÃ¥ din smartphone/surfplatta genom att peka ut waypoints pÃ¥ din skÃ¤rm och sedan lÃ¥ta drÃ¶naren gÃ¶ra jobbet. Som tillÃ¤gg till stabiliseringen pÃ¥ hÃ¶g hÃ¶jd, tillÃ¥ter den automatisk flygning och att automatiskt Ã¥tervÃ¤nda hem till startplatsen. Med inspelad data (hÃ¶jd, hastighet..), kan du Ã¥teruppspela dina flygningar i simulerad 3D pÃ¥ Parrot Academy-kartan.<br /><br />Parrot Cloud<br />HÃ¥ll reda pÃ¥ all dina flygningar och dela dina foton, videor och navigationsdata med andra medlemmar i Parrot Academy. Anslutning till YouTube och Facebook fÃ¶r delning. GÃ¥ med i Parrot Academy med Ã¶ver 150,000 registrerade piloter. Gratis backup av din flygdata och 3D Ã¥teruppspelning.<br /><br />Bebop Drone skapar sin egen Wi-Fi hotspot.<br />MIMO Wi-Fi anslutning: Parrot Bebop Drone skapar det senaste Wi-Fi ac 802.11n nÃ¤tverket med 2.4 och 5 GHz-antenner. Om det uppstÃ¥r nÃ¤tverksstÃ¶rningar kan du sjÃ¤lv vÃ¤lja frekvens.</p>",Parrot Bebop &amp;amp; Skycontroller Gul
Parrot Bebop Drone Gul,Home | Hobby & UnderhÃ¥llning | Radiostyrt | DrÃ¶nare,"<p>Byggd med sÃ¤kerhet i Ã¥tanke<br />Den fjÃ¤derlÃ¤tta ABS fÃ¶rstÃ¤rkta konstruktionen gÃ¶r Parrot Bebop Drone robust och sÃ¤ker. Vid nÃ¶dfall stannar propellrarna automatiskt. NÃ¶dlÃ¤get tillÃ¥ter att drÃ¶naren landar omedelbart. Tack vare GPS kommer ""Ã…tervÃ¤nd Hem""-funktionen att flyga Bebop drÃ¶naren tillbaka till startplatsen. EPP-skal Ã¤r inkluderat i satsen och gÃ¶r inomhusflygning sÃ¤krare.<br /><br />Avancerad teknologi - fjÃ¤derlÃ¤tt design<br />Parrot Bebop Drone levererar den bÃ¤sta prestandan utan att fÃ¶rsaka batteritiden. Bebop Drone-navigationsdator har en Parrot P7 dual-core CPU, quad-core GPU och 8 GB Flashminne och Ã¤r 8 gÃ¥nger mer kraftfull Ã¤n Parrot AR.Drone 2.0. Allt Ã¤r fÃ¤st pÃ¥ en magnesiumplatta som agerar som ett elektromagnetiskt skydd och som kylare. KÃ¶r Linux operativsystem, med SDK tillgÃ¤ngligt fÃ¶r utvecklare.<br /><br />FÃ¶rbluffande stabil<br />FÃ¶r att fÃ¥ en optimal stabilitet utan att kompromissa med manÃ¶vrerbarheten analyserar Bebop Drone automatiskt data frÃ¥n ett flertal sensorer: 3-axel accelerometer, gyroskop, magnetometer, en ultraljudsensor med 8 meter rÃ¤ckvidd, en trycksensor och en vertikal kamera fÃ¶r att mÃ¤ta hastigheten.<br /><br />14 megapixel â€œFisheyeâ€ vidvinkel kamera<br />Den inbyggda 14 megapixel ""fisheye""-kameran lÃ¥ter Parrot Bebop Drone spela in video och ta 180Â° vidvinkelbilder med anmÃ¤rkningsvÃ¤rd bildkvalitet. Den helt digitala bildstabiliseringen gÃ¶r att Bebop Drone kan ta fÃ¶rbluffande stabila och tydliga flygfoton oavsett drÃ¶narens rÃ¶relse. Linsen Ã¤r stÃ¤nk- och dammtÃ¤t. Actionkameror visar ofta stÃ¶rningar pÃ¥ horisontella linjer i motsats till Parrot Bebop Drone kameran, som levererar ostÃ¶rda linjer och som ett resultat av detta en horisont som inte Ã¤r bÃ¶jd.</p> <p>Full HD 1080p video med smart 3-axel-stabilisering<br />Tack vare algoritmer utvecklade av Parrots ingenjÃ¶rer drar Bebop Drone nytta av ett exklusivt 3-axel bildstabiliseringssystem som bibehÃ¥ller en fast vinkel fÃ¶r vyn, oavsett drÃ¶narens lutning och dess rÃ¶relser orsakade av vindturbulens.<br /><br />AnvÃ¤ndarstyrd 180Â°-vy<br />Styr vinkeln fÃ¶r kameran direkt frÃ¥n styrapplikationen med en enkel rÃ¶relse med tummen. Ã„ndringen fÃ¶r 180 gradersvinkeln Ã¤r helt digital och oberoende av drÃ¶narens rÃ¶relser.<br /><br />Freeflight 3.0: En extremt intuitiv applikation<br />Parrot Bebop Drone har en gratis pilotapplikation, Freeflight 3.0, fÃ¶r iOS och Android Smartphones och surfplattor. Den anvÃ¤ndarvÃ¤nliga applikationen har utvecklats fÃ¶r att vara mycket enkel att anvÃ¤nda och lÃ¥ta piloten koncentrera sig pÃ¥ nÃ¶jet att flyga. PÃ¥ vÃ¤lkomstskÃ¤rmen kan piloten nÃ¥ fÃ¶ljande funktioner: Styrning, foton/videos, flygreseplan, Cloud ""Pilot Academy""...<br />Alla anvÃ¤ndarinstÃ¤llningar fÃ¶r hÃ¶jd och hastighet, pilot lÃ¤ge (accelerometer, virtuell joystick...). FreeFlight appen inkluderar ocksÃ¥ roliga funktioner som t.ex. ""One-touch Flip""!<br /><br />Inbyggd GPS med Flight Map control<br />Bebop Drone har ett integrerat GNSS chipset som kopplar samman GPS, GLONASS och GALILEO data. Planera din flygning pÃ¥ din smartphone/surfplatta genom att peka ut waypoints pÃ¥ din skÃ¤rm och sedan lÃ¥ta drÃ¶naren gÃ¶ra jobbet. Som tillÃ¤gg till stabiliseringen pÃ¥ hÃ¶g hÃ¶jd, tillÃ¥ter den automatisk flygning och att automatiskt Ã¥tervÃ¤nda hem till startplatsen. Med inspelad data (hÃ¶jd, hastighet..), kan du Ã¥teruppspela dina flygningar i simulerad 3D pÃ¥ Parrot Academy-kartan.<br /><br />Parrot Cloud<br />HÃ¥ll reda pÃ¥ all dina flygningar och dela dina foton, videor och navigationsdata med andra medlemmar i Parrot Academy. Anslutning till YouTube och Facebook fÃ¶r delning. GÃ¥ med i Parrot Academy med Ã¶ver 150,000 registrerade piloter. Gratis backup av din flygdata och 3D Ã¥teruppspelning.<br /><br />Bebop Drone skapar sin egen Wi-Fi hotspot.<br />MIMO Wi-Fi anslutning: Parrot Bebop Drone skapar det senaste Wi-Fi ac 802.11n nÃ¤tverket med 2.4 och 5 GHz-antenner. Om det uppstÃ¥r nÃ¤tverksstÃ¶rningar kan du sjÃ¤lv vÃ¤lja frekvens.</p>",Parrot Bebop Drone Gul
Parrot Bebop Drone 2 RÃ¶d/Svart,Home | Hobby & UnderhÃ¥llning | Radiostyrt | DrÃ¶nare,<p>Ett tillbehÃ¶r med perfekt passform och tillverkat av hÃ¶gkvalitativt material med syfte att skydda och fÃ¶rlÃ¤nga enhetens livslÃ¤ngd.<br /><br /> BesÃ¶k gÃ¤rna tillverkarens hemsida fÃ¶r mer information.</p>,Parrot Bebop Drone 2 RÃ¶d/Svart
Parrot Bebop Drone 2 Vit/Svart,Home | Hobby & UnderhÃ¥llning | Radiostyrt | DrÃ¶nare,<p>Ett tillbehÃ¶r med perfekt passform och tillverkat av hÃ¶gkvalitativt material med syfte att skydda och fÃ¶rlÃ¤nga enhetens livslÃ¤ngd.<br /><br /> BesÃ¶k gÃ¤rna tillverkarens hemsida fÃ¶r mer information.</p>,Parrot Bebop Drone 2 Vit/Svart
Parrot Bebop 2 Skycontroller RÃ¶d/Sv,Home | Hobby & UnderhÃ¥llning | Radiostyrt | DrÃ¶nare,<p>Ett tillbehÃ¶r med perfekt passform och tillverkat av hÃ¶gkvalitativt material med syfte att skydda och fÃ¶rlÃ¤nga enhetens livslÃ¤ngd.<br /><br /> BesÃ¶k gÃ¤rna tillverkarens hemsida fÃ¶r mer information.</p>,Parrot Bebop 2 SkyController RÃ¶d/Sv
Parrot Bebop 2 Skycontroller Vit/Sv,Home | Hobby & UnderhÃ¥llning | Radiostyrt | DrÃ¶nare,<p>Ett tillbehÃ¶r med perfekt passform och tillverkat av hÃ¶gkvalitativt material med syfte att skydda och fÃ¶rlÃ¤nga enhetens livslÃ¤ngd.<br /><br /> BesÃ¶k gÃ¤rna tillverkarens hemsida fÃ¶r mer information.</p>,Parrot Bebop 2 SkyController Vit/Sv
"Denver Hoverboard 10"" Svart",Home | Hobby & UnderhÃ¥llning | Hoverboards,"<p><strong>Motoriserad balans-brÃ¤da, Ã¤ven kallad HoverBoard</strong><br />- Dubbla motorer och dubbla balanseringssystem<br />- Mycket stabil, lÃ¤tt att lÃ¤ra sig kÃ¶ra<br />- GÃ¥r upp till 15 km/h (varningssignal vid 10km/h)<br />- RÃ¤ckvidd per laddning - upp till 12 km<br />- AluminiumfÃ¤lgar med gummidÃ¤ck fÃ¶r extra bra grepp<br />- 10"" hjulstorlek<br />- HÃ¥rt ABS-hÃ¶lje<br />- LED-ljus i fronten<br />- Inbyggt uppladdningsbart SAMSUNG batteri (36 V ~ 4400mAh) - Full laddning tar cirka 3 timmar. <br />- Roterar 360Â° snabbt pÃ¥ plats (man kan rotera utan att flytta sig framÃ¥t eller bakÃ¥t)</p> <p><strong>OBS:</strong> <br />Hastighet och rÃ¤ckvidd kan variera beroende pÃ¥ fÃ¶rarvikt, terrÃ¤ng, temperatur, och kÃ¶rstil. Se alltid till att bÃ¤ra skyddsutrustning vid anvÃ¤ndning av HoverBoard.<br />FÃ¥r endast anvÃ¤ndas i torrt vÃ¤der.<br />Produkten Ã¤r inte avsedd fÃ¶r anvÃ¤ndning pÃ¥ allmÃ¤n pÃ¥ vÃ¤g (ta reda pÃ¥ vilka trafik-regler som gÃ¤ller i det omrÃ¥de du befinner dig i).<br />Vi Rekommenderar inte anvÃ¤ndning av HoverBoards pÃ¥ allmÃ¤nn vÃ¤g.</p> <p>- StrÃ¶mfÃ¶rsÃ¶rjning: uppladdningsbart SAMSUNG batteri <br />- Storlek: 660 (b) x 270 (h) x 270 (d) mm<br />- Vikt: Cirka 14,5 kg inklusive batteri</p> <p>- FÃ¤rg: Svart</p>","Denver HoverBoard 10"" Svart"
"Denver Hoverboard 10"" Vit",Home | Hobby & UnderhÃ¥llning | Hoverboards,"<p><strong>Motoriserad balans-brÃ¤da, Ã¤ven kallad HoverBoard</strong><br />- Dubbla motorer och dubbla balanseringssystem<br />- Mycket stabil, lÃ¤tt att lÃ¤ra sig kÃ¶ra<br />- GÃ¥r upp till 15 km/h (varningssignal vid 10km/h)<br />- RÃ¤ckvidd per laddning - upp till 12 km<br />- AluminiumfÃ¤lgar med gummidÃ¤ck fÃ¶r extra bra grepp<br />- 10"" hjulstorlek<br />- HÃ¥rt ABS-hÃ¶lje<br />- LED-ljus i fronten<br />- Inbyggt uppladdningsbart SAMSUNG batteri (36 V ~ 4400mAh) - Full laddning tar cirka 3 timmar. <br />- Roterar 360Â° snabbt pÃ¥ plats (man kan rotera utan att flytta sig framÃ¥t eller bakÃ¥t)</p> <p><strong>OBS:</strong> <br />Hastighet och rÃ¤ckvidd kan variera beroende pÃ¥ fÃ¶rarvikt, terrÃ¤ng, temperatur, och kÃ¶rstil. Se alltid till att bÃ¤ra skyddsutrustning vid anvÃ¤ndning av HoverBoard.<br />FÃ¥r endast anvÃ¤ndas i torrt vÃ¤der.<br />Produkten Ã¤r inte avsedd fÃ¶r anvÃ¤ndning pÃ¥ allmÃ¤n pÃ¥ vÃ¤g (ta reda pÃ¥ vilka trafik-regler som gÃ¤ller i det omrÃ¥de du befinner dig i).<br />Vi Rekommenderar inte anvÃ¤ndning av HoverBoards pÃ¥ allmÃ¤nn vÃ¤g.</p> <p>- StrÃ¶mfÃ¶rsÃ¶rjning: uppladdningsbart SAMSUNG batteri <br />- Storlek: 660 (b) x 270 (h) x 270 (d) mm<br />- Vikt: Cirka 14,5 kg inklusive batteri</p> <p>- FÃ¤rg: Vit</p>","Denver HoverBoard 10"" Vit"
"Denver Hoverboard 6,5"" Svart",Home | Hobby & UnderhÃ¥llning | Hoverboards,"<p><strong>Motoriserad balans-brÃ¤da, HoverBoard</strong><br />- Dubbla motorer och dubbla balanseringssystem<br />- Mycket stabil, lÃ¤tt att lÃ¤ra sig kÃ¶ra<br />- GÃ¥r upp till 15 km/h (varningssignal vid 10km/h)<br />- RÃ¤ckvidd per laddning - upp till 12 km<br />- AluminiumfÃ¤lgar med gummidÃ¤ck fÃ¶r extra bra grepp<br />- 6.5"" hjulstorlek<br />- HÃ¥rt ABS-hÃ¶lje<br />- LED-ljus i fronten<br />- Inbyggt uppladdningsbart SAMSUNG batteri (36 V ~ 4400mAh) - Full laddning tar cirka 3 timmar. <br />- Roterar 360Â° snabbt pÃ¥ plats (man kan rotera utan att flytta sig framÃ¥t eller bakÃ¥t)</p> <p>OBS: <br />Hastighet och rÃ¤ckvidd kan variera beroende pÃ¥ fÃ¶rarvikt, terrÃ¤ng, temperatur, och kÃ¶rstil. Se alltid till att bÃ¤ra skyddsutrustning vid anvÃ¤ndning av HoverBoard.<br />FÃ¥r endast anvÃ¤ndas i torrt vÃ¤der.<br />Produkten Ã¤r inte avsedd fÃ¶r anvÃ¤ndning pÃ¥ allmÃ¤n pÃ¥ vÃ¤g (ta reda pÃ¥ vilka trafik-regler som gÃ¤ller i det omrÃ¥de du befinner dig i).<br />Vi Rekommenderar inte anvÃ¤ndning av HoverBoards pÃ¥ allmÃ¤nn vÃ¤g.</p> <p>- StrÃ¶mfÃ¶rsÃ¶rjning: uppladdningsbart SAMSUNG batteri <br />- Storlek: 580 (b) x 210 (h) x 200 (d) mm<br />- Vikt: Cirka 12,5 kg inklusive batteri</p> <p>- FÃ¤rg: Svart</p>","Denver HoverBoard 6,5"" Svart"
"Denver Hoverboard 6,5"" Vit",Home | Hobby & UnderhÃ¥llning | Hoverboards,"<p><strong>Motoriserad balans-brÃ¤da, HoverBoard</strong><br />- Dubbla motorer och dubbla balanseringssystem<br />- Mycket stabil, lÃ¤tt att lÃ¤ra sig kÃ¶ra<br />- GÃ¥r upp till 15 km/h (varningssignal vid 10km/h)<br />- RÃ¤ckvidd per laddning - upp till 12 km<br />- AluminiumfÃ¤lgar med gummidÃ¤ck fÃ¶r extra bra grepp<br />- 6.5"" hjulstorlek<br />- HÃ¥rt ABS-hÃ¶lje<br />- LED-ljus i fronten<br />- Inbyggt uppladdningsbart SAMSUNG batteri (36 V ~ 4400mAh) - Full laddning tar cirka 3 timmar. <br />- Roterar 360Â° snabbt pÃ¥ plats (man kan rotera utan att flytta sig framÃ¥t eller bakÃ¥t)</p> <p>OBS: <br />Hastighet och rÃ¤ckvidd kan variera beroende pÃ¥ fÃ¶rarvikt, terrÃ¤ng, temperatur, och kÃ¶rstil. Se alltid till att bÃ¤ra skyddsutrustning vid anvÃ¤ndning av HoverBoard.<br />FÃ¥r endast anvÃ¤ndas i torrt vÃ¤der.<br />Produkten Ã¤r inte avsedd fÃ¶r anvÃ¤ndning pÃ¥ allmÃ¤n pÃ¥ vÃ¤g (ta reda pÃ¥ vilka trafik-regler som gÃ¤ller i det omrÃ¥de du befinner dig i).<br />Vi Rekommenderar inte anvÃ¤ndning av HoverBoards pÃ¥ allmÃ¤nn vÃ¤g.</p> <p>- StrÃ¶mfÃ¶rsÃ¶rjning: uppladdningsbart SAMSUNG batteri <br />- Storlek: 580 (b) x 210 (h) x 200 (d) mm<br />- Vikt: Cirka 12,5 kg inklusive batteri</p> <p>- FÃ¤rg: Vit</p>","Denver HoverBoard 6,5"" Vit"
"Denver Hoverboard 8"" Svart",Home | Hobby & UnderhÃ¥llning | Hoverboards,"<p><strong>Motoriserad balans-brÃ¤da, Ã¤ven kallad HoverBoard</strong><br />- Dubbla motorer och dubbla balanseringssystem<br />- Mycket stabil, lÃ¤tt att lÃ¤ra sig kÃ¶ra<br />- GÃ¥r upp till 15 km/h (varningssignal vid 10km/h)<br />- RÃ¤ckvidd per laddning - upp till 12 km<br />- AluminiumfÃ¤lgar med gummidÃ¤ck fÃ¶r extra bra grepp<br />- 8"" hjulstorlek<br />- HÃ¥rt ABS-hÃ¶lje<br />- LED-ljus i fronten<br />- Inbyggt uppladdningsbart SAMSUNG batteri (36 V ~ 4400mAh) - Full laddning tar cirka 3 timmar. <br />- Roterar 360Â° snabbt pÃ¥ plats (man kan rotera utan att flytta sig framÃ¥t eller bakÃ¥t)</p>
<p>OBS: <br />Hastighet och rÃ¤ckvidd kan variera beroende pÃ¥ fÃ¶rarvikt, terrÃ¤ng, temperatur, och kÃ¶rstil. Se alltid till att bÃ¤ra skyddsutrustning vid anvÃ¤ndning av HoverBoard.<br />FÃ¥r endast anvÃ¤ndas i torrt vÃ¤der.<br />Produkten Ã¤r inte avsedd fÃ¶r anvÃ¤ndning pÃ¥ allmÃ¤n pÃ¥ vÃ¤g (ta reda pÃ¥ vilka trafik-regler som gÃ¤ller i det omrÃ¥de du befinner dig i)<br />Vi Rekommenderar inte anvÃ¤ndning av HoverBoards pÃ¥ allmÃ¤nn vÃ¤g</p>
<p>- StrÃ¶mfÃ¶rsÃ¶rjning: uppladdningsbart SAMSUNG batteri <br />- Storlek: 580 (b) x 210 (h) x 200 (d) mm<br />- Vikt: Cirka 12,5 kg inklusive batteri</p>
<p>- FÃ¤rg: Svart</p>
<div class=""fbProMain"" id=""mDiv"">
<div id=""mainfbComm""></div>
</div>","<p>Denver HoverBoard 8"" Svart</p>
<div class=""fbProMain"" id=""mDiv"">
<div id=""mainfbComm""></div>
</div>"
"Denver Hoverboard 8"" Vit",Home | Hobby & UnderhÃ¥llning | Hoverboards,"<p><strong>Motoriserad balans-brÃ¤da, Ã¤ven kallad HoverBoard</strong><br />- Dubbla motorer och dubbla balanseringssystem<br />- Mycket stabil, lÃ¤tt att lÃ¤ra sig kÃ¶ra<br />- GÃ¥r upp till 15 km/h (varningssignal vid 10km/h)<br />- RÃ¤ckvidd per laddning - upp till 12 km<br />- AluminiumfÃ¤lgar med gummidÃ¤ck fÃ¶r extra bra grepp<br />- 8"" hjulstorlek<br />- HÃ¥rt ABS-hÃ¶lje<br />- LED-ljus i fronten<br />- Inbyggt uppladdningsbart SAMSUNG batteri (36 V ~ 4400mAh) - Full laddning tar cirka 3 timmar. <br />- Roterar 360Â° snabbt pÃ¥ plats (man kan rotera utan att flytta sig framÃ¥t eller bakÃ¥t)</p> <p><strong>OBS:</strong> <br />Hastighet och rÃ¤ckvidd kan variera beroende pÃ¥ fÃ¶rarvikt, terrÃ¤ng, temperatur, och kÃ¶rstil. Se alltid till att bÃ¤ra skyddsutrustning vid anvÃ¤ndning av HoverBoard.<br />FÃ¥r endast anvÃ¤ndas i torrt vÃ¤der.<br />Produkten Ã¤r inte avsedd fÃ¶r anvÃ¤ndning pÃ¥ allmÃ¤n pÃ¥ vÃ¤g (ta reda pÃ¥ vilka trafik-regler som gÃ¤ller i det omrÃ¥de du befinner dig i)<br />Vi Rekommenderar inte anvÃ¤ndning av HoverBoards pÃ¥ allmÃ¤nn vÃ¤g</p> <p>- StrÃ¶mfÃ¶rsÃ¶rjning: uppladdningsbart SAMSUNG batteri <br />- Storlek: 580 (b) x 210 (h) x 200 (d) mm<br />- Vikt: Cirka 12,5 kg inklusive batteri</p> <p>- FÃ¤rg: Vit</p>","Denver HoverBoard 8"" Vit"
Denver DrÃ¶nare med Hd-Kamera,Home | Hobby & UnderhÃ¥llning | Radiostyrt | DrÃ¶nare,"<p>- 4GHz, 4 kanals - 6 axel drone med HD-kamera &amp;amp; gyrofunktion<br />- Mycket stabil i luften tack vare sin storlek<br />- TvÃ¥ flyg-hastigheter <br />- Inbyggd 2Mpixel HD-kamera<br />- Spelar in video i 720p @ 30fps (1280x720)<br />- Kameran lagrar film pÃ¥ MicroSD-kort (ingÃ¥r ej)<br />- RÃ¤ckvidd - cirka 30 meter<br />- Batterikapacitet: 500mAh - 3.7V<br />- Drifttid per laddning: 6-9 minuter<br />- Laddningstid: Cirka 60 minuter<br />- 2.4GHz controller (behÃ¶ver 4 AA-batterier (ingÃ¥r ej))<br /><br />TillbehÃ¶r som ingÃ¥r:<br />Front blad - 2 st, rygg knivar -. 2 st, laddare, MicroSD kortlÃ¤sare (MicroSD-kort ingÃ¥r ej), 1 x laddningsbart LIPO batteri.<br /><br />- FjÃ¤rr behÃ¶ver 4st AA batterier (ingÃ¥r ej)<br />- Storlek: 330 (B) x 55 (h) x 340 (d) mm<br />- Vikt: 406 gram</p>",Denver DrÃ¶nare med HD-kamera
Denver DrÃ¶nare med Hd-Kamera,Home | Hobby & UnderhÃ¥llning | Radiostyrt | DrÃ¶nare,"<p>2.4GHz drÃ¶nare med inbyggd HD-kamera och gyro-funktion fÃ¶r bra stabilitet<br />4 kanaler - 6 axlar med HD-kamera och gyrofunktion<br />Mycket stabil i luften tack vare sin storlek<br />2 hastigheter - lÃ¥ngsam eller snabb - fÃ¶r roligare flygning<br />Inbyggd 2Mpixel HD-kamera<br />Spelar in video i 720p @ 30fps (1280x720)<br />BehÃ¶ver microSD-kort fÃ¶r att lagra film (ingÃ¥r ej)<br />VerksamhetsomrÃ¥de - cirka 60-80 meters rÃ¤ckvidd<br />Batterikapacitet: 1000mAh - 7.4V<br />Driftstid per laddning: 6-9 minuter<br />Laddningstid: Cirka 60 minuter<br />Â <br />MedfÃ¶ljande tillbehÃ¶r:<br />FjÃ¤rrkontroll, Front-blad - 2 st, rygg-blad -. 2 st, laddare, MicroSD kortlÃ¤sare (MicroSD-kort ingÃ¥r ej), 1stÂ  laddningsbart LIPO batteri.<br />Â <br />StrÃ¶mfÃ¶rsÃ¶rjning: 1000mAh LIPO batteri medfÃ¶ljer<br />FjÃ¤rr: 4 x storlek ""AA"" batteri (ingÃ¥r ej)<br />Storlek: 600 (B) x 600 (d) x 122 (h) mm<br />Vikt: 340 gram<br />Â <br />Observera, det finns olika regler och fÃ¶rordningar fÃ¶r att flyga med drÃ¶nare. kontrollera reglerna som gÃ¤ller dÃ¤r du tÃ¤nker flyga din drÃ¶nare.<br />VÃ¤nligen, var alltid uppmÃ¤rksam pÃ¥ mÃ¤nniskors sÃ¤kerhet och integritet, flyg pÃ¥ sÃ¥ sÃ¤tt att skador pÃ¥ t.ex. byggnader och fordon ej uppstÃ¥r.</p>",Denver DrÃ¶nare med HD-kamera
